{
  "Author": "Windmourn",
  "Name": "SkipCutscene",
  "InternalName": "SkipCutscene",
  "AssemblyVersion": "1.2.2.3",
  "Description": "A plugin which could help you skip cutscene from Duty Roulette: Main Scenario.",
  "ApplicableVersion": "any",
  "RepoUrl": "https://github.com/a08381/Dalamud.SkipCutscene",
  "DalamudApiLevel": 9,
  "LoadRequiredState": 0,
  "LoadSync": false,
  "CanUnloadAsync": false,
  "LoadPriority": 0,
  "Punchline": "Help you skip cutscene from Duty Roulette: Main Scenario.",
  "AcceptsFeedback": true
}